image_path,indoor_score,visual_class,sky,edges,lines,texture,brightness,center_tex,entropy,edir,color_div,sat_var
C:/Users/hugoagreda22/Downloads/ImageScoreAI/backend/data/images/kaggle_raw/img_0.webp,0.6239,candidate,0.3315318302387268,0.16707559681697612,0.0010190097259062776,63.7232812485554,4060.6565730824927,69.63509790259472,7.7273,0.5205952396463035,1.0,84.38594351325192
C:/Users/hugoagreda22/Downloads/ImageScoreAI/backend/data/images/kaggle_raw/img_1.webp,0.6579,candidate,0.2599889478337754,0.10991379310344827,0.0005481874447391689,62.91399063286938,3958.1702173527756,68.33098852732907,7.8530464,0.5468510036906548,1.0,71.07587905478012
C:/Users/hugoagreda22/Downloads/ImageScoreAI/backend/data/images/kaggle_raw/img_10.webp,0.7279,candidate,0.004213085764809903,0.17024093722369585,0.001242263483642794,51.84102920442387,2687.4923089739286,57.438741415704655,7.7166405,0.5641307120738922,1.0,54.41720403890978
C:/Users/hugoagreda22/Downloads/ImageScoreAI/backend/data/images/kaggle_raw/img_100.webp,0.6516,candidate,0.6783620689655172,0.10848585322723253,0.00047966401414677276,53.779139082818205,2892.1958004891044,54.25401959850992,7.658451,0.494313687548041,1.0,20.59685980798368
C:/Users/hugoagreda22/Downloads/ImageScoreAI/backend/data/images/kaggle_raw/img_101.webp,0.6759,candidate,0.0001878868258178603,0.02913793103448276,0.00016578249336870026,63.125076215275655,3984.7752471843605,66.06684898839075,7.4196334,0.5574472341013784,1.0,64.08335193124805
C:/Users/hugoagreda22/Downloads/ImageScoreAI/backend/data/images/kaggle_raw/img_102.webp,0.6642,candidate,0.0,0.0456763925729443,0.0001989389920424403,51.68308187108843,2671.1409516936296,53.256527021115446,7.358097,0.4528192815765086,1.0,47.34278075753893
C:/Users/hugoagreda22/Downloads/ImageScoreAI/backend/data/images/kaggle_raw/img_103.webp,0.662,candidate,0.02808134394341291,0.026025641025641026,0.0001259946949602122,55.661991832291775,3098.2573347381162,56.060553837944546,7.400416,0.5412417401216427,1.0,37.059995875868054
C:/Users/hugoagreda22/Downloads/ImageScoreAI/backend/data/images/kaggle_raw/img_104.webp,0.6042,candidate,0.665685234305924,0.10645888594164456,0.0006609195402298851,54.618792748226234,2983.2125212736905,58.198257071292716,7.7333713,0.5425043564342553,1.0,67.1050444381255
C:/Users/hugoagreda22/Downloads/ImageScoreAI/backend/data/images/kaggle_raw/img_105.webp,0.6337,candidate,0.04462422634836428,0.03354332449160036,0.00020114942528735632,43.12992063584715,1860.1900540544736,53.5131081444414,7.2859826,0.49728584901836537,1.0,26.54458182705313
C:/Users/hugoagreda22/Downloads/ImageScoreAI/backend/data/images/kaggle_raw/img_106.webp,0.7166,candidate,0.21800397877984085,0.14906940760389037,0.0009659593280282935,74.02349214187888,5479.477388878803,66.47802826865669,7.7929106,0.5226240158115998,1.0,69.86129808852189
C:/Users/hugoagreda22/Downloads/ImageScoreAI/backend/data/images/kaggle_raw/img_107.webp,0.6526,candidate,0.5430305039787798,0.11690981432360743,0.0010101679929266135,58.28047444675493,3396.613701738854,59.51951901413796,7.461953,0.6066480081126479,1.0,40.41384006325504
C:/Users/hugoagreda22/Downloads/ImageScoreAI/backend/data/images/kaggle_raw/img_108.webp,0.5408,candidate,0.0963549955791335,0.02688549955791335,0.0001282051282051282,35.2108698384266,1239.8053547786205,32.57244232794365,6.9880347,0.5915301576488162,1.0,28.314139469977015
C:/Users/hugoagreda22/Downloads/ImageScoreAI/backend/data/images/kaggle_raw/img_109.webp,0.5701,candidate,0.09881962864721486,0.029675066312997347,0.0002497789566755084,32.90611643516941,1082.8124988449265,39.008152386711224,6.9704294,0.5158813962710392,1.0,12.282695489995119
C:/Users/hugoagreda22/Downloads/ImageScoreAI/backend/data/images/kaggle_raw/img_11.webp,0.538,candidate,0.01857869142351901,0.023538903625110522,9.062776304155614e-05,41.54298886406551,1725.8199237598706,38.465894536342816,7.4713182,0.5617720939010816,1.0,73.28165961402374
C:/Users/hugoagreda22/Downloads/ImageScoreAI/backend/data/images/kaggle_raw/img_110.webp,0.5514,candidate,0.4131918656056587,0.08539566755083997,0.000599027409372237,45.2703905563022,2049.4082611201356,53.380710304175494,7.7514997,0.5807372588904065,1.0,63.93574605740887
C:/Users/hugoagreda22/Downloads/ImageScoreAI/backend/data/images/kaggle_raw/img_111.webp,0.6793,candidate,0.04013483642793988,0.05364058355437666,0.00040229885057471265,58.88437507912833,3467.36962845947,54.067520949324525,7.6888795,0.5464653382644884,1.0,51.91303796685391
C:/Users/hugoagreda22/Downloads/ImageScoreAI/backend/data/images/kaggle_raw/img_112.webp,0.6085,candidate,0.20107427055702917,0.1883001768346596,0.0015274093722369585,49.67160494795296,2467.2683381055044,52.61395355976463,7.4208546,0.5473466086044928,1.0,80.81237270404766
C:/Users/hugoagreda22/Downloads/ImageScoreAI/backend/data/images/kaggle_raw/img_113.webp,0.5531,candidate,0.5291887709991159,0.10061892130857648,0.0006697612732095491,52.01568826755099,2705.6318259470418,44.99547684526669,7.751427,0.5140482778322211,1.0,81.11460083010111
C:/Users/hugoagreda22/Downloads/ImageScoreAI/backend/data/images/kaggle_raw/img_114.webp,0.5856,candidate,0.18087975243147658,0.03531167108753316,0.00021441202475685234,56.214650390611425,3160.0869185386696,47.864537577236426,7.6296635,0.48594454073256466,1.0,51.496281783990135
C:/Users/hugoagreda22/Downloads/ImageScoreAI/backend/data/images/kaggle_raw/img_115.webp,0.6887,candidate,0.3457427055702918,0.146710875331565,0.0009328028293545535,75.63818963444365,5721.1357311760585,57.1212007557565,7.7849417,0.564813897258723,1.0,59.46874975657507
C:/Users/hugoagreda22/Downloads/ImageScoreAI/backend/data/images/kaggle_raw/img_116.webp,0.7376,candidate,0.03962422634836428,0.08108753315649868,0.0005901856763925729,64.79612865731372,4198.538288975152,70.26954520854925,7.8650494,0.42910445861299323,1.0,58.05646798558827
C:/Users/hugoagreda22/Downloads/ImageScoreAI/backend/data/images/kaggle_raw/img_117.webp,0.5826,candidate,0.014400972590627763,0.011492042440318302,2.8735632183908045e-05,68.46105704498437,4686.916331716605,37.254175014808666,1.4489871,0.3781901360172801,1.0,36.351480607786534
C:/Users/hugoagreda22/Downloads/ImageScoreAI/backend/data/images/kaggle_raw/img_118.webp,0.6516,candidate,0.6783620689655172,0.10848585322723253,0.00047966401414677276,53.779139082818205,2892.1958004891044,54.25401959850992,7.658451,0.494313687548041,1.0,20.59685980798368
C:/Users/hugoagreda22/Downloads/ImageScoreAI/backend/data/images/kaggle_raw/img_119.webp,0.6104,candidate,0.8745755968169762,0.10738063660477454,0.0009880636604774535,49.602983240744244,2460.4559463815544,51.935807047434075,6.316041,0.49836472802292003,1.0,39.1324120817241
C:/Users/hugoagreda22/Downloads/ImageScoreAI/backend/data/images/kaggle_raw/img_12.webp,0.6992,candidate,0.4615362511052166,0.1668213969938108,0.0010786914235190097,75.620945902629,5718.5274592083415,72.98636755651536,7.193975,0.5389048626208834,1.0,55.633163303857025
C:/Users/hugoagreda22/Downloads/ImageScoreAI/backend/data/images/kaggle_raw/img_120.webp,0.6058,candidate,0.09420645446507515,0.06146993810786914,0.0003337754199823165,49.78489405754778,2478.5356763212567,40.48620187245111,7.59371,0.5491970142764971,1.0,56.782353859402804
C:/Users/hugoagreda22/Downloads/ImageScoreAI/backend/data/images/kaggle_raw/img_121.webp,0.6677,candidate,0.1627497789566755,0.05079133510167993,0.00032714412024756855,56.61243480801251,3204.9677748914664,59.65436898800954,7.543369,0.5832727007894486,1.0,25.868936612631682
C:/Users/hugoagreda22/Downloads/ImageScoreAI/backend/data/images/kaggle_raw/img_122.webp,0.606,candidate,0.4754686118479222,0.13044650751547304,0.0005172413793103448,53.73134798187992,2887.0577559498715,51.121316728588674,7.580782,0.588395709554999,1.0,51.993622439804064
C:/Users/hugoagreda22/Downloads/ImageScoreAI/backend/data/images/kaggle_raw/img_123.webp,0.6359,candidate,0.4223231653404067,0.15057250221043325,0.0014478337754199823,58.213678284984255,3388.832339467647,64.98637993485777,7.531519,0.5013353936909201,1.0,54.28233969708521
C:/Users/hugoagreda22/Downloads/ImageScoreAI/backend/data/images/kaggle_raw/img_124.webp,0.6826,candidate,0.043381962864721485,0.04124447391688771,0.00023430592396109638,53.82590104408412,2897.227623207536,67.56160287733321,7.5585957,0.54701323861776,1.0,32.25155069002599
C:/Users/hugoagreda22/Downloads/ImageScoreAI/backend/data/images/kaggle_raw/img_125.webp,0.6181,candidate,0.6231476569407604,0.1344186560565871,0.0009239610963748895,57.54081104444925,3310.944935653013,57.36437845114183,7.826478,0.5573503708531458,1.0,62.53409627425733
C:/Users/hugoagreda22/Downloads/ImageScoreAI/backend/data/images/kaggle_raw/img_126.webp,0.5548,candidate,0.5820910698496905,0.04129531388152078,0.00015694076038903624,55.43506632156803,3073.046578076646,46.438210430901925,7.6084538,0.4831595965126487,1.0,33.62504035653243
C:/Users/hugoagreda22/Downloads/ImageScoreAI/backend/data/images/kaggle_raw/img_127.webp,0.6808,candidate,0.2814235190097259,0.1390605658709107,0.0009460654288240495,65.24223123719511,4256.548736807637,69.95042560313075,7.69167,0.4683029474293178,1.0,53.380035596925545
C:/Users/hugoagreda22/Downloads/ImageScoreAI/backend/data/images/kaggle_raw/img_128.webp,0.6777,candidate,0.2253713527851459,0.1646684350132626,0.0010831122900088418,60.99105483724619,3719.908770159972,62.69716086984232,7.806856,0.6004170719998926,1.0,59.74919528089295
C:/Users/hugoagreda22/Downloads/ImageScoreAI/backend/data/images/kaggle_raw/img_129.webp,0.5117,candidate,0.23560123784261716,0.06564323607427056,0.0003669319186560566,32.76226986014451,1073.366326388933,30.1187786208957,7.297448,0.5396074969607074,1.0,39.59560810894243
C:/Users/hugoagreda22/Downloads/ImageScoreAI/backend/data/images/kaggle_raw/img_13.webp,0.7341,candidate,0.00011936339522546419,0.08405835543766578,0.0004420866489832007,60.070126529162806,3608.420101229629,57.399530476529975,7.3388834,0.5530088264346625,1.0,57.42639647052087
C:/Users/hugoagreda22/Downloads/ImageScoreAI/backend/data/images/kaggle_raw/img_130.webp,0.6869,candidate,0.034047303271441204,0.08794871794871795,0.0008443854995579134,47.039794002258034,2212.742219774871,49.51734289612064,7.218433,0.48645418255594824,1.0,42.271776895213556
C:/Users/hugoagreda22/Downloads/ImageScoreAI/backend/data/images/kaggle_raw/img_131.webp,0.6635,candidate,2.2104332449160036e-05,0.04595490716180371,0.0003028293545534925,49.74425529549734,2474.490934903615,53.93617253349994,7.469102,0.4993192079491103,1.0,44.33074782311342
C:/Users/hugoagreda22/Downloads/ImageScoreAI/backend/data/images/kaggle_raw/img_132.webp,0.581,candidate,0.7010433244916003,0.048879310344827585,0.00017020335985853228,59.238134053008075,3509.156526082155,53.45005237884268,7.556245,0.640778967823206,1.0,41.48874210385755
C:/Users/hugoagreda22/Downloads/ImageScoreAI/backend/data/images/kaggle_raw/img_133.webp,0.7016,candidate,0.023680371352785147,0.030450928381962866,7.957559681697613e-05,92.1021023370442,8482.797254903364,83.55303984348564,2.9352822,0.6949563964759468,1.0,44.28835201361415
C:/Users/hugoagreda22/Downloads/ImageScoreAI/backend/data/images/kaggle_raw/img_134.webp,0.7066,candidate,0.0925,0.03302829354553492,0.00015473032714412026,65.1087388207228,4239.147870825096,67.20633414727739,7.364174,0.5169061669904806,1.0,22.450948031191103
C:/Users/hugoagreda22/Downloads/ImageScoreAI/backend/data/images/kaggle_raw/img_135.webp,0.6916,candidate,0.021704244031830237,0.050576923076923075,0.00027188328912466843,55.58502744568221,3089.6952761372445,55.30285696360792,7.2378235,0.5209608100917413,1.0,37.40560878388342
C:/Users/hugoagreda22/Downloads/ImageScoreAI/backend/data/images/kaggle_raw/img_136.webp,0.7144,candidate,0.004686118479221927,0.056668877099911585,0.000623342175066313,52.448923728885156,2750.8896003184122,65.64934184042973,7.4433856,0.5165274564674923,1.0,29.139955459918486
C:/Users/hugoagreda22/Downloads/ImageScoreAI/backend/data/images/kaggle_raw/img_137.webp,0.6034,candidate,0.2694606542882405,0.059416445623342175,0.0002807250221043324,57.42650410921621,3297.8033742058265,59.57395161765672,7.822714,0.46469074679415406,1.0,56.900967441537574
C:/Users/hugoagreda22/Downloads/ImageScoreAI/backend/data/images/kaggle_raw/img_138.webp,0.5748,candidate,0.7442307692307693,0.11103890362511053,0.0005592396109637489,44.088078966333455,1943.7587069416547,50.9068818950566,7.647584,0.545528276606205,1.0,52.470843145857465
C:/Users/hugoagreda22/Downloads/ImageScoreAI/backend/data/images/kaggle_raw/img_139.webp,0.592,candidate,0.2219341290893015,0.16539124668435012,0.001357206012378426,41.6536106658518,1735.0232815023628,41.24664127162909,7.672864,0.46183535299963446,1.0,49.56501107002179
C:/Users/hugoagreda22/Downloads/ImageScoreAI/backend/data/images/kaggle_raw/img_14.webp,0.6657,candidate,0.21879531388152076,0.08829796640141467,0.000592396109637489,70.45674789266222,4964.153323610163,55.01991560953447,6.7578306,0.5039111589326162,1.0,91.04783755561138
C:/Users/hugoagreda22/Downloads/ImageScoreAI/backend/data/images/kaggle_raw/img_140.webp,0.5864,candidate,0.7705216622458002,0.09359858532272325,0.00041777188328912467,53.17087181264868,2827.141609317118,57.61636218066657,7.6111374,0.5277966693620587,1.0,70.42277240658736
C:/Users/hugoagreda22/Downloads/ImageScoreAI/backend/data/images/kaggle_raw/img_141.webp,0.7203,candidate,0.14814323607427055,0.23658709106984968,0.0017374005305039787,63.5670263323487,4040.7668367375136,66.33434022980158,7.7777104,0.5415958420243924,1.0,55.225836455635246
C:/Users/hugoagreda22/Downloads/ImageScoreAI/backend/data/images/kaggle_raw/img_142.webp,0.6284,candidate,0.10474137931034483,0.05310123784261715,0.0002674624226348364,47.352576149771174,2242.2664680198777,46.47670217185151,7.4380865,0.4743919129328632,1.0,31.14576075685306
C:/Users/hugoagreda22/Downloads/ImageScoreAI/backend/data/images/kaggle_raw/img_143.webp,0.5996,candidate,0.812367374005305,0.09348585322723253,0.00040229885057471265,54.71565185509076,2993.8025579274968,46.552626828952135,7.275012,0.5208347497498785,1.0,46.08958496580843
C:/Users/hugoagreda22/Downloads/ImageScoreAI/backend/data/images/kaggle_raw/img_144.webp,0.5192,candidate,0.3988240495137047,0.06404509283819629,0.00041114058355437664,39.04529420874003,1524.5349998470679,43.52806922623646,7.454588,0.515600847963118,1.0,38.91856561274122
C:/Users/hugoagreda22/Downloads/ImageScoreAI/backend/data/images/kaggle_raw/img_145.webp,0.6628,candidate,0.045068523430592394,0.053930150309460655,0.0003669319186560566,59.239485081840996,3509.316592761662,52.971352907819096,7.3907557,0.6024357289021078,1.0,63.15423454555256
C:/Users/hugoagreda22/Downloads/ImageScoreAI/backend/data/images/kaggle_raw/img_146.webp,0.6637,candidate,0.27336648983200706,0.0544341290893015,0.00034040671971706456,83.60430789390229,6989.680298418412,60.99782650379296,7.132656,0.4713645725918413,1.0,66.5434508872395
C:/Users/hugoagreda22/Downloads/ImageScoreAI/backend/data/images/kaggle_raw/img_147.webp,0.7885,candidate,0.045764809902740934,0.11903846153846154,0.0005901856763925729,74.1061027404212,5491.714463373864,59.441221811745116,7.7518945,0.4869541308920112,1.0,61.25428291537831
C:/Users/hugoagreda22/Downloads/ImageScoreAI/backend/data/images/kaggle_raw/img_148.webp,0.6812,candidate,0.09889699381078691,0.09419540229885058,0.000674182139699381,48.14993691584911,2318.416425000249,52.06423469785747,7.3808684,0.504275599214601,1.0,40.974390820713964
C:/Users/hugoagreda22/Downloads/ImageScoreAI/backend/data/images/kaggle_raw/img_149.webp,0.7215,candidate,0.05906498673740053,0.040694076038903626,0.00013704686118479222,74.50822253577286,5551.47522544025,64.21103785731722,7.2157187,0.5560884741587182,1.0,56.2631263411425
C:/Users/hugoagreda22/Downloads/ImageScoreAI/backend/data/images/kaggle_raw/img_15.webp,0.6131,candidate,0.3536604774535809,0.05996021220159151,0.0003094606542882405,75.5736711326502,5711.379768465968,56.30376139317835,6.718394,0.5235652418702281,1.0,93.70027685337232
C:/Users/hugoagreda22/Downloads/ImageScoreAI/backend/data/images/kaggle_raw/img_150.webp,0.6796,candidate,0.4804664014146773,0.1656100795755968,0.0007493368700265252,64.02920639456018,4099.739271517185,61.5268814778329,7.5046644,0.33370206210069975,1.0,35.79728958515721
C:/Users/hugoagreda22/Downloads/ImageScoreAI/backend/data/images/kaggle_raw/img_151.webp,0.7254,candidate,0.03054818744473917,0.056918656056587094,0.0002475685234305924,75.454336439048,5693.356887457047,65.02839342218707,7.26355,0.5461175515191649,1.0,99.22492298238883
C:/Users/hugoagreda22/Downloads/ImageScoreAI/backend/data/images/kaggle_raw/img_152.webp,0.648,candidate,0.3839920424403183,0.12489610963748894,0.000576923076923077,59.27129159499353,3513.0860073387507,50.938517465644004,7.666017,0.28464387324911505,1.0,33.082338925819684
C:/Users/hugoagreda22/Downloads/ImageScoreAI/backend/data/images/kaggle_raw/img_153.webp,0.6721,candidate,0.3982493368700265,0.1580548187444739,0.0009725906277630416,71.45075004486876,5105.209681974313,65.01584956537016,7.7785196,0.45086151169434996,1.0,64.13028229686078
C:/Users/hugoagreda22/Downloads/ImageScoreAI/backend/data/images/kaggle_raw/img_154.webp,0.7366,candidate,0.039686118479221925,0.22988063660477454,0.0020645446507515475,65.03262377581973,4229.242155167313,63.78241067518255,7.6978483,0.5263694260844365,1.0,77.71562756146193
C:/Users/hugoagreda22/Downloads/ImageScoreAI/backend/data/images/kaggle_raw/img_155.webp,0.6986,candidate,0.13099027409372238,0.2613969938107869,0.002349690539345712,59.341166562490606,3521.374048997253,62.84936733393109,7.666985,0.5073657209470745,1.0,65.59453354498596
C:/Users/hugoagreda22/Downloads/ImageScoreAI/backend/data/images/kaggle_raw/img_156.webp,0.5755,candidate,0.06094385499557913,0.04314102564102564,0.0003094606542882405,31.631680696825597,1000.5632237059292,32.574656580721474,6.4970937,0.4852097684437686,1.0,18.895835943686876
C:/Users/hugoagreda22/Downloads/ImageScoreAI/backend/data/images/kaggle_raw/img_157.webp,0.6484,candidate,0.03501768346595933,0.03267462422634836,0.00015030946065428823,55.970665332193825,3132.715377728444,56.79276086896849,7.447259,0.4825563835616289,1.0,54.40039180050726
C:/Users/hugoagreda22/Downloads/ImageScoreAI/backend/data/images/kaggle_raw/img_158.webp,0.6994,candidate,0.39085985853227234,0.12814323607427056,0.000605658709106985,66.52287290594465,4425.292619660465,56.0571614908944,7.6323104,0.4773880310066439,1.0,21.016439503114498
C:/Users/hugoagreda22/Downloads/ImageScoreAI/backend/data/images/kaggle_raw/img_159.webp,0.5472,candidate,0.30771662245800174,0.08630857648099027,0.0003050397877984085,42.33239222086405,1792.0314311410712,42.139672422335885,7.565213,0.5185030302139121,1.0,50.5997194571646
C:/Users/hugoagreda22/Downloads/ImageScoreAI/backend/data/images/kaggle_raw/img_16.webp,0.7196,candidate,0.019118037135278515,0.0360499557913351,0.00021662245800176835,72.56202367956185,5265.247280473294,56.5683023164069,7.6212,0.5526776380702263,1.0,53.218550813111804
C:/Users/hugoagreda22/Downloads/ImageScoreAI/backend/data/images/kaggle_raw/img_160.webp,0.6112,candidate,0.26357206012378426,0.047595048629531386,0.00028735632183908046,66.74409130067617,4454.773723552998,64.94674463952207,7.4902363,0.42670534575632185,1.0,68.34464617498723
C:/Users/hugoagreda22/Downloads/ImageScoreAI/backend/data/images/kaggle_raw/img_161.webp,0.5759,candidate,0.28614279398762155,0.02347922192749779,0.00011273209549071618,57.4945598874262,3305.6244166488377,48.59358707455971,7.5757527,0.6437678915958683,1.0,22.239850190662292
C:/Users/hugoagreda22/Downloads/ImageScoreAI/backend/data/images/kaggle_raw/img_162.webp,0.644,candidate,0.3892484526967286,0.08785587975243148,0.000583554376657825,60.106592409648115,3612.8024510995683,61.49600902067859,7.3745017,0.5903883553901638,1.0,41.424953765879174
C:/Users/hugoagreda22/Downloads/ImageScoreAI/backend/data/images/kaggle_raw/img_163.webp,0.6181,candidate,0.307632625994695,0.08964412024756853,0.0005481874447391689,47.95749800115035,2299.92161453034,57.858161683005626,7.6197963,0.50852268458885,1.0,35.78265899800523
C:/Users/hugoagreda22/Downloads/ImageScoreAI/backend/data/images/kaggle_raw/img_164.webp,0.6563,candidate,0.28814544650751545,0.06617152961980548,0.0004487179487179487,73.04787039002105,5335.991368517314,45.485182708926345,7.1423016,0.46735662861916993,1.0,39.070088397684174
C:/Users/hugoagreda22/Downloads/ImageScoreAI/backend/data/images/kaggle_raw/img_165.webp,0.7363,candidate,0.21157161803713528,0.0996396993810787,0.00046198054818744473,78.06826669237624,6094.6542643519815,67.01308975280679,7.3375473,0.5884520646292507,1.0,67.32547603318626
C:/Users/hugoagreda22/Downloads/ImageScoreAI/backend/data/images/kaggle_raw/img_166.webp,0.5454,candidate,0.5128779840848806,0.06546861184792219,0.00041556145004420866,44.018850522396946,1937.659201313126,39.118245092444305,7.4896026,0.6391522415528834,1.0,23.745993847320538
C:/Users/hugoagreda22/Downloads/ImageScoreAI/backend/data/images/kaggle_raw/img_167.webp,0.693,candidate,0.4415583554376658,0.08423519009725906,0.0007338638373121132,78.81623920839593,6211.999562955089,78.8572791820858,7.313468,0.463353557045908,1.0,53.01036299713666
C:/Users/hugoagreda22/Downloads/ImageScoreAI/backend/data/images/kaggle_raw/img_168.webp,0.656,candidate,0.31481653404067195,0.183631741821397,0.0009173297966401415,60.59162657624101,3671.3452111546358,55.177335046362,7.735352,0.35770345138812193,1.0,42.46830249470925
C:/Users/hugoagreda22/Downloads/ImageScoreAI/backend/data/images/kaggle_raw/img_169.webp,0.4617,candidate,0.23036914235190098,0.02640362511052166,0.00015251989389920424,30.038170755843783,902.2917023572286,28.96381664052757,6.909046,0.5181274707283926,1.0,36.06289799039263
C:/Users/hugoagreda22/Downloads/ImageScoreAI/backend/data/images/kaggle_raw/img_17.webp,0.6179,candidate,0.18287798408488062,0.039637488947833775,0.0001834659593280283,50.93355076695697,2594.2265937301827,54.852756737190866,6.9512734,0.3904789373947574,1.0,26.574365050828558
C:/Users/hugoagreda22/Downloads/ImageScoreAI/backend/data/images/kaggle_raw/img_170.webp,0.6516,candidate,0.6783620689655172,0.10848585322723253,0.00047966401414677276,53.779139082818205,2892.1958004891044,54.25401959850992,7.658451,0.494313687548041,1.0,20.59685980798368
C:/Users/hugoagreda22/Downloads/ImageScoreAI/backend/data/images/kaggle_raw/img_171.webp,0.5315,candidate,0.26065870910698496,0.0452210433244916,0.00027188328912466843,46.62721227612805,2174.096924643106,50.063932696017204,7.7739687,0.5401775420920232,1.0,60.18568292451644
C:/Users/hugoagreda22/Downloads/ImageScoreAI/backend/data/images/kaggle_raw/img_172.webp,0.6886,candidate,0.468894783377542,0.22334880636604776,0.0016954022988505746,75.29264004562926,5668.981645040695,58.902874799942026,7.8013573,0.5561769265208836,1.0,61.2625307397309
C:/Users/hugoagreda22/Downloads/ImageScoreAI/backend/data/images/kaggle_raw/img_173.webp,0.6918,candidate,0.41834438549955794,0.11394783377541998,0.0006852343059239611,68.62763597186833,4709.752419087276,65.29555092694658,7.247208,0.5058438935111276,1.0,39.72244527226004
C:/Users/hugoagreda22/Downloads/ImageScoreAI/backend/data/images/kaggle_raw/img_174.webp,0.6843,candidate,0.5241777188328912,0.08162245800176834,0.0005061892130857648,84.78730513757995,7188.887112493091,66.54777125578777,6.9477687,0.5141455288159105,1.0,58.89224435588965
C:/Users/hugoagreda22/Downloads/ImageScoreAI/backend/data/images/kaggle_raw/img_175.webp,0.6823,candidate,0.5519672855879753,0.1287709991158267,0.0009040671971706454,68.43996414038898,4684.028691537729,68.57548062602746,7.4750013,0.4985181589724303,1.0,46.714673078963074
C:/Users/hugoagreda22/Downloads/ImageScoreAI/backend/data/images/kaggle_raw/img_176.webp,0.6817,candidate,0.02393236074270557,0.043496905393457116,0.00022546419098143236,54.48985527429897,2969.144327814047,54.66514163513348,7.6328373,0.5512447255244071,1.0,33.95440742175041
C:/Users/hugoagreda22/Downloads/ImageScoreAI/backend/data/images/kaggle_raw/img_177.webp,0.6538,candidate,0.22539566755083995,0.034449602122015914,0.00013041556145004422,79.13563608411773,6262.448898437917,77.52753648582748,4.384715,0.5278094928327227,1.0,46.508058056784705
C:/Users/hugoagreda22/Downloads/ImageScoreAI/backend/data/images/kaggle_raw/img_178.webp,0.6599,candidate,0.32847480106100796,0.20730327144120247,0.001887709991158267,64.9163521680898,4214.132778811458,71.22984626879865,7.818224,0.5391890037065621,1.0,55.603828532740266
C:/Users/hugoagreda22/Downloads/ImageScoreAI/backend/data/images/kaggle_raw/img_179.webp,0.6499,candidate,0.26524314765694074,0.1716732979664014,0.0010322723253757737,61.676781220519395,3804.0253417238137,56.27127239648593,7.823188,0.5607175847242029,1.0,66.4245206650041
C:/Users/hugoagreda22/Downloads/ImageScoreAI/backend/data/images/kaggle_raw/img_18.webp,0.6865,candidate,0.11664898320070734,0.05846816976127321,0.000623342175066313,58.232878343410505,3391.068120158448,53.48584168477476,7.4380646,0.4332506090335311,1.0,25.993852461713217
C:/Users/hugoagreda22/Downloads/ImageScoreAI/backend/data/images/kaggle_raw/img_180.webp,0.5943,candidate,0.57486958443855,0.14307471264367816,0.0007007073386383732,55.5386715419049,3084.544036639597,59.78841942061795,7.6541896,0.5861663409165618,1.0,102.53207319687269
C:/Users/hugoagreda22/Downloads/ImageScoreAI/backend/data/images/kaggle_raw/img_181.webp,0.5889,candidate,0.04157603890362511,0.03071175950486295,0.00021441202475685234,47.21060651197932,2228.8413672289444,39.0218670686535,7.2390175,0.5796817674550085,1.0,47.19923009745133
C:/Users/hugoagreda22/Downloads/ImageScoreAI/backend/data/images/kaggle_raw/img_182.webp,0.7332,candidate,0.10361405835543766,0.15076923076923077,0.000614500442086649,57.989757311990516,3362.8119531035577,65.2788454867195,7.8316307,0.5703912076115865,1.0,42.036845370881956
C:/Users/hugoagreda22/Downloads/ImageScoreAI/backend/data/images/kaggle_raw/img_183.webp,0.5323,candidate,0.29584880636604777,0.04456012378426172,0.00034261715296198057,42.036017793472425,1767.0267919331304,46.192825371331885,7.5019627,0.4885044957818949,1.0,31.65600849391261
C:/Users/hugoagreda22/Downloads/ImageScoreAI/backend/data/images/kaggle_raw/img_184.webp,0.6603,candidate,0.2078183023872679,0.18824270557029177,0.0013704686118479223,57.62148800495241,3320.2358799048748,67.61776218458289,7.785728,0.5026946537497956,1.0,69.3557906414793
C:/Users/hugoagreda22/Downloads/ImageScoreAI/backend/data/images/kaggle_raw/img_185.webp,0.7303,candidate,0.1660212201591512,0.15363616268788682,0.0009062776304155615,59.664120425675144,3559.807266169466,63.75756813112317,7.77732,0.5238296297649396,1.0,31.00449183041815
C:/Users/hugoagreda22/Downloads/ImageScoreAI/backend/data/images/kaggle_raw/img_186.webp,0.6637,candidate,0.27336648983200706,0.0544341290893015,0.00034040671971706456,83.60430789390229,6989.680298418412,60.99782650379296,7.132656,0.4713645725918413,1.0,66.5434508872395
C:/Users/hugoagreda22/Downloads/ImageScoreAI/backend/data/images/kaggle_raw/img_187.webp,0.72,candidate,0.13284261715296197,0.21742263483642793,0.0017749778956675508,63.708152671849454,4058.7287168596786,58.64301993922229,7.8276644,0.5189912890452039,1.0,58.15014756908517
C:/Users/hugoagreda22/Downloads/ImageScoreAI/backend/data/images/kaggle_raw/img_188.webp,0.6018,candidate,0.23112290008841732,0.04695844385499558,0.00027188328912466843,54.25152608278748,2943.2280823113697,58.91231812638403,7.5582333,0.46720688190396514,1.0,47.648720292564526
C:/Users/hugoagreda22/Downloads/ImageScoreAI/backend/data/images/kaggle_raw/img_189.webp,0.5371,candidate,0.6028359858532273,0.11063881520778072,0.000618921308576481,43.913780234677965,1928.420094499593,49.52742790088992,7.3097134,0.5390307233706694,1.0,84.44183039200165
C:/Users/hugoagreda22/Downloads/ImageScoreAI/backend/data/images/kaggle_raw/img_19.webp,0.6266,candidate,0.24101016799292663,0.05362732095490716,0.00040893015030946063,61.998361537128815,3843.7968332885334,56.539148953871,7.747998,0.46697567186691036,1.0,48.94051424350497
C:/Users/hugoagreda22/Downloads/ImageScoreAI/backend/data/images/kaggle_raw/img_190.webp,0.7775,candidate,0.02365163572060124,0.10179266136162687,0.0008797524314765695,70.02673745129496,4903.743958072596,77.6510587979504,7.6421056,0.5779939601067995,1.0,64.62422593442005
C:/Users/hugoagreda22/Downloads/ImageScoreAI/backend/data/images/kaggle_raw/img_191.webp,0.5397,candidate,0.12261494252873563,0.03717948717948718,0.00023209549071618037,34.83796128252382,1213.6835463226287,40.314204111264125,7.225108,0.3596793606722816,1.0,43.12048610819878
C:/Users/hugoagreda22/Downloads/ImageScoreAI/backend/data/images/kaggle_raw/img_192.webp,0.6043,candidate,0.4419319186560566,0.10811450044208665,0.0005106100795755969,60.19602725176351,3623.561696895055,51.41753582988489,7.875192,0.5841043074350412,1.0,71.38433628210454
C:/Users/hugoagreda22/Downloads/ImageScoreAI/backend/data/images/kaggle_raw/img_193.webp,0.7176,candidate,0.4805238726790451,0.12063439434129089,0.0007625994694960213,86.51439946887055,7484.741315459308,85.60736524138817,7.4369383,0.608769274312997,1.0,49.95365923815041
C:/Users/hugoagreda22/Downloads/ImageScoreAI/backend/data/images/kaggle_raw/img_194.webp,0.627,candidate,0.15449381078691424,0.024489389920424404,0.00016799292661361627,59.952231403324824,3594.2700502378075,68.28673940481596,6.968272,0.3192972367710565,1.0,45.31099363556468
C:/Users/hugoagreda22/Downloads/ImageScoreAI/backend/data/images/kaggle_raw/img_195.webp,0.5828,candidate,0.48957117595048627,0.13467285587975242,0.0009969053934571176,55.286619845356135,3056.610333924927,54.45436472806215,7.80059,0.5862719613672923,1.0,81.38723580964185
C:/Users/hugoagreda22/Downloads/ImageScoreAI/backend/data/images/kaggle_raw/img_196.webp,0.6909,candidate,0.35282272325375774,0.13508841732979665,0.0007802829354553492,71.54490570665503,5118.673532574159,65.33265147978824,7.4500327,0.5106016792313265,1.0,49.422189485388536
C:/Users/hugoagreda22/Downloads/ImageScoreAI/backend/data/images/kaggle_raw/img_197.webp,0.6117,candidate,0.5184106984969054,0.12202254641909814,0.000587975243147657,55.41574435418953,3070.9047223288885,47.975137367983336,7.4699697,0.5230419138225156,1.0,46.87596288457407
C:/Users/hugoagreda22/Downloads/ImageScoreAI/backend/data/images/kaggle_raw/img_198.webp,0.5499,candidate,0.696735190097259,0.05923740053050398,0.0003824049513704686,45.324347305389594,2054.296458659577,54.993337203497866,7.47621,0.5935376068603093,1.0,42.710504339673
C:/Users/hugoagreda22/Downloads/ImageScoreAI/backend/data/images/kaggle_raw/img_2.webp,0.5947,candidate,0.7157758620689655,0.10126878868258178,0.0005150309460654288,53.342734179955265,2845.447289793368,51.99094697607224,7.7525444,0.3480767777137166,1.0,61.376525838455706
C:/Users/hugoagreda22/Downloads/ImageScoreAI/backend/data/images/kaggle_raw/img_20.webp,0.5688,candidate,0.23057913351016798,0.038401856763925726,0.00017241379310344826,56.94646282687809,3242.899628493008,61.35770634660907,6.6725893,0.5850836601248398,1.0,74.99992527984594
C:/Users/hugoagreda22/Downloads/ImageScoreAI/backend/data/images/kaggle_raw/img_200.webp,0.6543,candidate,0.6453713527851459,0.10099911582670203,0.0005216622458001769,60.822032770715694,3699.319670362014,62.91729384875623,7.5454774,0.5081060482873682,1.0,46.8741670644442
C:/Users/hugoagreda22/Downloads/ImageScoreAI/backend/data/images/kaggle_raw/img_201.webp,0.5984,candidate,0.2723320070733864,0.16609858532272326,0.001257736516357206,45.024101501911495,2027.1697160544293,46.34353518799652,7.0925817,0.5008328944818684,1.0,46.08275763549974
C:/Users/hugoagreda22/Downloads/ImageScoreAI/backend/data/images/kaggle_raw/img_202.webp,0.6379,candidate,0.14395888594164455,0.07750221043324491,0.0005216622458001769,53.371121939513415,2848.4766570824104,51.16550336706364,7.723461,0.5639991586752057,1.0,58.54670474658511
C:/Users/hugoagreda22/Downloads/ImageScoreAI/backend/data/images/kaggle_raw/img_203.webp,0.6646,candidate,0.018837312113174184,0.05438549955791335,0.0002475685234305924,51.029970274092236,2604.0578661747372,47.486721783446136,7.4748836,0.4099188504909112,1.0,39.0488741600233
C:/Users/hugoagreda22/Downloads/ImageScoreAI/backend/data/images/kaggle_raw/img_204.webp,0.524,candidate,0.16821618037135277,0.026315207780725023,0.00013704686118479222,50.84211650286829,2584.9208104912323,43.67971072952861,7.565461,0.4697698402714696,1.0,74.95015745245773
C:/Users/hugoagreda22/Downloads/ImageScoreAI/backend/data/images/kaggle_raw/img_205.webp,0.6379,candidate,0.3300508399646331,0.12489389920424403,0.0008465959328028293,55.87449670431297,3121.9593819602806,66.96403310708423,7.7004185,0.6034853977081708,1.0,47.30120460081134
C:/Users/hugoagreda22/Downloads/ImageScoreAI/backend/data/images/kaggle_raw/img_206.webp,0.625,candidate,0.7460389036251105,0.17344827586206896,0.0009394341290893015,57.020838553159955,3251.3760293055325,47.467732925351115,7.0716453,0.5812036826308948,1.0,39.7489537090489
C:/Users/hugoagreda22/Downloads/ImageScoreAI/backend/data/images/kaggle_raw/img_207.webp,0.6716,candidate,0.02663129973474801,0.039924845269672854,0.0002497789566755084,51.769464708437425,2680.0774761981484,52.54118447430997,7.3209195,0.5017213346714128,1.0,27.29151936739791
C:/Users/hugoagreda22/Downloads/ImageScoreAI/backend/data/images/kaggle_raw/img_208.webp,0.6294,candidate,0.33326480990274093,0.1389389920424403,0.0008775419982316534,64.67685901669131,4183.096092264964,65.2349871436001,7.649828,0.5290236655619915,1.0,77.87096432205117
C:/Users/hugoagreda22/Downloads/ImageScoreAI/backend/data/images/kaggle_raw/img_209.webp,0.6629,candidate,0.4420711759504863,0.1374447391688771,0.0007670203359858533,64.11534046331347,4110.776882726603,59.167902688787024,7.762092,0.5086649570930999,1.0,48.07056761057503
C:/Users/hugoagreda22/Downloads/ImageScoreAI/backend/data/images/kaggle_raw/img_21.webp,0.569,candidate,0.4154288240495137,0.015278514588859416,3.757736516357206e-05,67.99552771191132,4623.391788821301,59.36650743415811,7.6124268,0.6747916266210062,1.0,53.695413627657075
C:/Users/hugoagreda22/Downloads/ImageScoreAI/backend/data/images/kaggle_raw/img_210.webp,0.7104,candidate,0.5393015030946066,0.11095932802829354,0.0006498673740053051,76.04143147272039,5782.299300420432,70.2228629083064,7.604392,0.49902566063342113,1.0,48.015425500014366
C:/Users/hugoagreda22/Downloads/ImageScoreAI/backend/data/images/kaggle_raw/img_211.webp,0.753,candidate,0.0011295313881520778,0.09379531388152078,0.0005282935455349248,63.80364385051715,4070.904968603634,69.17454201602413,7.6102886,0.49831993149699844,1.0,66.17650203297907
C:/Users/hugoagreda22/Downloads/ImageScoreAI/backend/data/images/kaggle_raw/img_212.webp,0.6396,candidate,0.5147281167108754,0.13242705570291777,0.0009593280282935455,66.25659455503,4389.936322029631,49.662591143166466,7.564708,0.5168377413780522,1.0,57.853416666071695
C:/Users/hugoagreda22/Downloads/ImageScoreAI/backend/data/images/kaggle_raw/img_213.webp,0.7767,candidate,0.054153404067197174,0.09213085764809903,0.00047966401414677276,80.1817755253558,6429.117126398548,69.85799992367188,7.442225,0.5765770094364526,1.0,75.46141898072447
C:/Users/hugoagreda22/Downloads/ImageScoreAI/backend/data/images/kaggle_raw/img_214.webp,0.6633,candidate,0.5680393457117595,0.08818744473916888,0.00045534924845269675,63.69249721937603,4056.734202040223,65.84299968416533,6.7809477,0.5995389295424012,1.0,36.54753959438254
C:/Users/hugoagreda22/Downloads/ImageScoreAI/backend/data/images/kaggle_raw/img_215.webp,0.7055,candidate,0.26942307692307693,0.09999115826702033,0.0006940760389036251,65.3569959603335,4271.536920959051,63.78313590907417,7.3810053,0.6110050665739329,1.0,37.38613446125716
C:/Users/hugoagreda22/Downloads/ImageScoreAI/backend/data/images/kaggle_raw/img_216.webp,0.6356,candidate,0.41844606542882407,0.17245137046861184,0.0015893015030946066,61.43964919142837,3774.8304927657855,64.70408004807598,7.60421,0.5604468437561083,1.0,63.560613601549555
C:/Users/hugoagreda22/Downloads/ImageScoreAI/backend/data/images/kaggle_raw/img_217.webp,0.6309,candidate,0.3667838196286472,0.21171750663129973,0.0017749778956675508,59.48528274086055,3538.498862760122,56.07307163461653,7.946558,0.5306886976067844,1.0,55.55677041735925
C:/Users/hugoagreda22/Downloads/ImageScoreAI/backend/data/images/kaggle_raw/img_218.webp,0.5089,candidate,0.11303713527851458,0.0282183908045977,0.00017683465959328028,34.04331146017906,1158.947055174759,29.256388754596507,7.3537087,0.5284317272663067,1.0,42.526216726717344
C:/Users/hugoagreda22/Downloads/ImageScoreAI/backend/data/images/kaggle_raw/img_22.webp,0.6242,candidate,0.28855658709106985,0.11748231653404068,0.0007228116710875332,56.379165238550065,3178.610272995732,51.07219543480474,7.810986,0.5019971891354932,1.0,57.29873148508136
C:/Users/hugoagreda22/Downloads/ImageScoreAI/backend/data/images/kaggle_raw/img_220.webp,0.6516,candidate,0.6783620689655172,0.10848585322723253,0.00047966401414677276,53.779139082818205,2892.1958004891044,54.25401959850992,7.658451,0.494313687548041,1.0,20.59685980798368
C:/Users/hugoagreda22/Downloads/ImageScoreAI/backend/data/images/kaggle_raw/img_221.webp,0.648,candidate,0.3839920424403183,0.12489610963748894,0.000576923076923077,59.27129159499353,3513.0860073387507,50.938517465644004,7.666017,0.28464387324911505,1.0,33.082338925819684
C:/Users/hugoagreda22/Downloads/ImageScoreAI/backend/data/images/kaggle_raw/img_222.webp,0.6143,candidate,0.5624425287356322,0.19408267020335987,0.0009438549955791335,61.232140423224585,3749.3750208094943,62.12282810693661,7.879134,0.6091629089309765,1.0,83.10232818680133
C:/Users/hugoagreda22/Downloads/ImageScoreAI/backend/data/images/kaggle_raw/img_223.webp,0.7442,candidate,0.03460212201591512,0.06702033598585323,0.00030061892130857647,68.35343190924993,4672.191653772467,59.69027995404442,7.7781672,0.5569738571617165,1.0,50.842199970637544
C:/Users/hugoagreda22/Downloads/ImageScoreAI/backend/data/images/kaggle_raw/img_224.webp,0.6479,candidate,0.3707183908045977,0.13596153846153847,0.0009571175950486296,56.722737174447225,3217.4689125614173,63.551498231194074,7.7099814,0.35407655038449715,1.0,40.6679806536564
C:/Users/hugoagreda22/Downloads/ImageScoreAI/backend/data/images/kaggle_raw/img_225.webp,0.6339,candidate,0.6124867374005305,0.12230990274093723,0.0009018567639257295,60.89187842476528,3707.8208580963956,47.51332055762606,7.417513,0.49616619150553937,1.0,43.40692633758775
C:/Users/hugoagreda22/Downloads/ImageScoreAI/backend/data/images/kaggle_raw/img_226.webp,0.6713,candidate,0.16669540229885058,0.14050618921308577,0.0010389036251105216,55.46536520346114,3076.406737153318,49.2074954576896,7.817818,0.509587969531733,1.0,49.29253172008179
C:/Users/hugoagreda22/Downloads/ImageScoreAI/backend/data/images/kaggle_raw/img_227.webp,0.6323,candidate,0.7019451812555261,0.14542219274977897,0.0012776304155614501,49.70508249216867,2470.5952255532925,57.095021318798786,7.506921,0.43794842918378063,1.0,30.127465008368812
C:/Users/hugoagreda22/Downloads/ImageScoreAI/backend/data/images/kaggle_raw/img_228.webp,0.6207,candidate,0.10608311229000884,0.05499557913351017,0.0003072502210433245,50.74562745012748,2575.118705307131,50.3032925701588,7.8351765,0.5535249932488291,1.0,53.379370329639976
C:/Users/hugoagreda22/Downloads/ImageScoreAI/backend/data/images/kaggle_raw/img_229.webp,0.6428,candidate,0.29542219274977893,0.1560764809902741,0.001242263483642794,65.33561432030818,4268.7424986120595,63.30830556216226,7.4858513,0.5267396586130934,1.0,82.85302476486575
C:/Users/hugoagreda22/Downloads/ImageScoreAI/backend/data/images/kaggle_raw/img_23.webp,0.64,candidate,0.0322656940760389,0.05140141467727675,0.0002939876215738285,41.50658947925977,1722.7969701997981,53.64329001051533,7.4494915,0.4516641576109597,1.0,38.69722347360938
C:/Users/hugoagreda22/Downloads/ImageScoreAI/backend/data/images/kaggle_raw/img_230.webp,0.75,candidate,0.08888815207780724,0.16576702033598587,0.0013505747126436782,69.63984420948519,4849.7079015213685,74.34011323198492,7.666058,0.6181454034506961,1.0,66.65105101642294
C:/Users/hugoagreda22/Downloads/ImageScoreAI/backend/data/images/kaggle_raw/img_231.webp,0.5535,candidate,0.6027453580901857,0.08032935455349248,0.0003205128205128205,46.429900450292706,2155.735655824091,52.84343092024974,7.522948,0.4706690918054894,1.0,59.32783329707238
C:/Users/hugoagreda22/Downloads/ImageScoreAI/backend/data/images/kaggle_raw/img_232.webp,0.5029,candidate,0.04780503978779841,0.013983200707338638,5.9681697612732094e-05,35.89915374520008,1288.749239621513,25.397296317069824,7.4747143,0.5741918699777965,1.0,50.27182088928918
C:/Users/hugoagreda22/Downloads/ImageScoreAI/backend/data/images/kaggle_raw/img_233.webp,0.4986,candidate,0.3087135278514589,0.03557029177718833,0.00015030946065428823,44.61788614951485,1990.7557644510691,35.1787268641577,7.1897616,0.5542977152270256,1.0,34.74886618112984
C:/Users/hugoagreda22/Downloads/ImageScoreAI/backend/data/images/kaggle_raw/img_234.webp,0.5313,candidate,0.16978558797524315,0.016381520778072502,9.504862953138815e-05,47.99401189709168,2303.425177978178,36.261222612305225,7.2276855,0.5012247707858631,1.0,40.0872469590759
C:/Users/hugoagreda22/Downloads/ImageScoreAI/backend/data/images/kaggle_raw/img_235.webp,0.6793,candidate,0.032060123784261714,0.05961538461538462,0.00040008841732979664,49.10489637672517,2411.290848168917,51.53247247803084,7.577859,0.37744466723549297,1.0,30.111654204850343
C:/Users/hugoagreda22/Downloads/ImageScoreAI/backend/data/images/kaggle_raw/img_236.webp,0.6255,candidate,0.5504818744473917,0.1630923961096375,0.0008311229000884173,64.32530577971725,4137.744963654126,71.5055241527183,7.4197445,0.5068929447875119,1.0,101.93097929381143
C:/Users/hugoagreda22/Downloads/ImageScoreAI/backend/data/images/kaggle_raw/img_237.webp,0.6758,candidate,0.5051657824933687,0.19214633068081344,0.0012997347480106101,73.56823659565477,5412.285435794238,53.85897201487325,7.446873,0.5380470401863509,1.0,57.97635059636917
C:/Users/hugoagreda22/Downloads/ImageScoreAI/backend/data/images/kaggle_raw/img_238.webp,0.4891,candidate,0.23658267020335985,0.013492484526967285,6.63129973474801e-05,42.562249771438154,1811.545105606287,28.09683433080845,7.357046,0.3208395743248465,1.0,25.743199012430008
C:/Users/hugoagreda22/Downloads/ImageScoreAI/backend/data/images/kaggle_raw/img_239.webp,0.6162,candidate,0.5394827586206896,0.11640583554376657,0.0008222811671087533,54.44515292881314,2964.2746774418497,53.750850203959914,7.430132,0.5356351238827087,1.0,49.87463641516499
C:/Users/hugoagreda22/Downloads/ImageScoreAI/backend/data/images/kaggle_raw/img_24.webp,0.624,candidate,0.010075154730327144,0.05135499557913351,0.00023209549071618037,50.347209966077706,2534.841551368314,52.46248291058012,6.968528,0.5154143839668186,1.0,77.39295193233623
C:/Users/hugoagreda22/Downloads/ImageScoreAI/backend/data/images/kaggle_raw/img_240.webp,0.5821,candidate,0.5224027409372237,0.122236958443855,0.0007603890362511052,46.103660358998795,2125.547498497917,53.94343314279607,7.3630605,0.7184151364563255,1.0,56.26039435338102
C:/Users/hugoagreda22/Downloads/ImageScoreAI/backend/data/images/kaggle_raw/img_241.webp,0.5991,candidate,0.1369584438549956,0.025258620689655172,0.00011052166224580017,50.77705736355408,2578.3095545016613,46.83702951911564,7.38027,0.6127554279042384,1.0,27.745691620571286
C:/Users/hugoagreda22/Downloads/ImageScoreAI/backend/data/images/kaggle_raw/img_242.webp,0.6793,candidate,0.2534040671971706,0.15482758620689654,0.001295313881520778,67.07874193503977,4499.557619587663,50.923893000401435,7.465371,0.40925506139383566,1.0,53.56665519921221
C:/Users/hugoagreda22/Downloads/ImageScoreAI/backend/data/images/kaggle_raw/img_243.webp,0.6383,candidate,0.3782869142351901,0.1320601237842617,0.0010897435897435897,55.76404636887655,3109.6288674302136,55.82609860676068,7.585954,0.5312468995268415,1.0,39.07954322727638
C:/Users/hugoagreda22/Downloads/ImageScoreAI/backend/data/images/kaggle_raw/img_244.webp,0.6488,candidate,0.0170579133510168,0.038052608311229,0.00015915119363395225,59.29581851774639,3515.994093689516,73.89653456874446,7.3773413,0.5069425976930992,1.0,78.60478527618314
C:/Users/hugoagreda22/Downloads/ImageScoreAI/backend/data/images/kaggle_raw/img_245.webp,0.5933,candidate,0.583658267020336,0.08337754199823165,0.0003934571175950486,52.00236648977825,2704.2461205372115,47.801389117440486,7.757,0.5312114408510741,1.0,36.330339203937406
C:/Users/hugoagreda22/Downloads/ImageScoreAI/backend/data/images/kaggle_raw/img_246.webp,0.6257,candidate,0.07656498673740053,0.07562113174182139,0.00036251105216622456,44.444195437675965,1975.286508102337,44.46944235319498,7.505684,0.5011911865400172,1.0,52.771826624705184
C:/Users/hugoagreda22/Downloads/ImageScoreAI/backend/data/images/kaggle_raw/img_247.webp,0.6761,candidate,0.000614500442086649,0.06395888594164456,0.00028735632183908046,47.50026785999262,2256.2754467710474,52.80022441850362,7.426655,0.530289399278496,1.0,43.872146590851955
C:/Users/hugoagreda22/Downloads/ImageScoreAI/backend/data/images/kaggle_raw/img_248.webp,0.43,candidate,0.9684438549955792,0.01107869142351901,4.420866489832007e-05,38.38426839667965,1473.3520603483405,35.46452559994909,6.9501276,0.6182293975811931,1.0,45.05215470692924
C:/Users/hugoagreda22/Downloads/ImageScoreAI/backend/data/images/kaggle_raw/img_249.webp,0.6235,candidate,0.4051237842617153,0.1840495137046861,0.001184792219274978,54.00301785198153,2916.3259371214363,51.74357564447523,7.7318435,0.576399652927692,1.0,39.70799398823803
C:/Users/hugoagreda22/Downloads/ImageScoreAI/backend/data/images/kaggle_raw/img_25.webp,0.6786,candidate,0.22138815207780724,0.14552608311229,0.0010035366931918656,65.109624706545,4239.263229427135,60.394508422468874,7.6721706,0.5500248393748486,1.0,72.05422849346037
C:/Users/hugoagreda22/Downloads/ImageScoreAI/backend/data/images/kaggle_raw/img_250.webp,0.5064,candidate,0.8675110521662246,0.06274535809018568,0.0005415561450044209,44.859540924881266,2012.378411991097,34.80360036545649,6.99946,0.5921782687420812,1.0,47.43545487951315
C:/Users/hugoagreda22/Downloads/ImageScoreAI/backend/data/images/kaggle_raw/img_251.webp,0.6436,candidate,0.3326525198938992,0.09579796640141468,0.0004995579133510168,57.93797189865857,3356.80858772975,57.891327048388746,7.75222,0.5670197234326809,1.0,40.221126454421864
C:/Users/hugoagreda22/Downloads/ImageScoreAI/backend/data/images/kaggle_raw/img_26.webp,0.5754,candidate,0.7130680813439434,0.09246684350132627,0.0006653404067197171,47.97501884738591,2301.6024334070335,57.92659442218049,7.3010178,0.5131950445726371,1.0,65.37635701422104
C:/Users/hugoagreda22/Downloads/ImageScoreAI/backend/data/images/kaggle_raw/img_27.webp,0.8121,candidate,0.04154951370468612,0.17409814323607428,0.0011914235190097259,79.79907845914302,6367.892922928462,66.10016910527,6.8184733,0.49232337899978285,1.0,58.09561430593806
C:/Users/hugoagreda22/Downloads/ImageScoreAI/backend/data/images/kaggle_raw/img_28.webp,0.2851,candidate,0.9877409372236958,0.0028072502210433246,4.420866489832007e-06,26.617833722909584,708.5090721004627,11.259202140275535,5.6582093,0.6678215627782979,1.0,27.667823285836224
C:/Users/hugoagreda22/Downloads/ImageScoreAI/backend/data/images/kaggle_raw/img_29.webp,0.6969,candidate,0.25018346595932806,0.046021220159151194,0.00034040671971706456,81.64539225518352,6665.970076502782,89.96729635931003,7.4012437,0.36127169035611945,1.0,38.61668139270126
C:/Users/hugoagreda22/Downloads/ImageScoreAI/backend/data/images/kaggle_raw/img_3.webp,0.7151,candidate,0.11553492484526967,0.19607206012378425,0.0017086648983200708,63.655028303808805,4051.9626283587004,58.202617660694514,7.709121,0.49713291871834697,1.0,66.17828407353333
C:/Users/hugoagreda22/Downloads/ImageScoreAI/backend/data/images/kaggle_raw/img_30.webp,0.6587,candidate,0.03771220159151194,0.07753315649867373,0.0005901856763925729,40.497460205572786,1640.0442831019514,43.9007761629976,7.389894,0.4787179455016897,1.0,29.329312795561616
C:/Users/hugoagreda22/Downloads/ImageScoreAI/backend/data/images/kaggle_raw/img_31.webp,0.681,candidate,0.017186118479221926,0.04935897435897436,0.00041556145004420866,50.3430504017392,2534.422723752053,66.68032236960983,7.507182,0.4684262408320286,1.0,39.80239663394655
C:/Users/hugoagreda22/Downloads/ImageScoreAI/backend/data/images/kaggle_raw/img_32.webp,0.5963,candidate,0.22434350132625994,0.06231432360742706,0.0004442970822281167,52.16354697422152,2721.035632931815,55.38895227653897,7.734494,0.44560122940607794,1.0,57.63241725608642
C:/Users/hugoagreda22/Downloads/ImageScoreAI/backend/data/images/kaggle_raw/img_33.webp,0.6813,candidate,0.0011427939876215737,0.028178603006189212,0.0001900972590627763,53.10047763259185,2819.660724809387,56.31167477773087,7.495877,0.48820726274050796,1.0,25.122582326448605
C:/Users/hugoagreda22/Downloads/ImageScoreAI/backend/data/images/kaggle_raw/img_34.webp,0.7628,candidate,0.1109106984969054,0.19231211317418215,0.0016180371352785146,74.8289204784034,5599.367339963221,70.41220552064392,7.76503,0.5086180888994227,1.0,66.26438325155446
C:/Users/hugoagreda22/Downloads/ImageScoreAI/backend/data/images/kaggle_raw/img_35.webp,0.6629,candidate,0.4158885941644562,0.07375331564986737,0.0005216622458001769,68.82912618041432,4737.448610759397,63.650856372483204,7.6452584,0.47541077348546346,1.0,38.21756758508212
C:/Users/hugoagreda22/Downloads/ImageScoreAI/backend/data/images/kaggle_raw/img_36.webp,0.6253,candidate,0.20500884173297967,0.061142793987621576,0.00021220159151193635,57.59704853782658,3317.4200002687508,46.36093802077976,7.436365,0.53800263770109,1.0,38.94381338618388
C:/Users/hugoagreda22/Downloads/ImageScoreAI/backend/data/images/kaggle_raw/img_37.webp,0.5714,candidate,0.40923076923076923,0.09590848806366048,0.0007714412024756852,50.429704509646236,2543.155096930234,51.310031933297566,7.4890666,0.5853862109247557,1.0,67.47599117920288
C:/Users/hugoagreda22/Downloads/ImageScoreAI/backend/data/images/kaggle_raw/img_38.webp,0.577,candidate,0.5545711759504863,0.12831122900088418,0.0005570291777188329,47.334396984586625,2240.5451378944435,52.835791398440726,7.34671,0.5092430539522725,1.0,61.60486730331069
C:/Users/hugoagreda22/Downloads/ImageScoreAI/backend/data/images/kaggle_raw/img_39.webp,0.6867,candidate,0.037802829354553494,0.06731432360742706,0.00041335101679929265,50.983800247027155,2599.3478876287663,54.061798214354425,7.418527,0.4799210979393372,1.0,38.747427937456315
C:/Users/hugoagreda22/Downloads/ImageScoreAI/backend/data/images/kaggle_raw/img_4.webp,0.719,candidate,0.12527188328912467,0.16043324491600353,0.0010057471264367816,58.58158639044105,3431.8022640207087,58.137189043707004,7.6251264,0.5458002738255832,1.0,45.75910333223295
C:/Users/hugoagreda22/Downloads/ImageScoreAI/backend/data/images/kaggle_raw/img_40.webp,0.679,candidate,0.09152298850574712,0.03707338638373121,0.0002453580901856764,60.96551803487613,3716.794389260807,73.7363679217537,7.644431,0.6370656486325825,1.0,36.770193860650245
C:/Users/hugoagreda22/Downloads/ImageScoreAI/backend/data/images/kaggle_raw/img_41.webp,0.581,candidate,0.09160919540229885,0.035552608311229,0.0003116710875331565,36.01520463946025,1297.0949652221993,45.0641672641864,7.0231266,0.4387265706147827,1.0,27.59667062707363
C:/Users/hugoagreda22/Downloads/ImageScoreAI/backend/data/images/kaggle_raw/img_42.webp,0.7123,candidate,0.05844606542882405,0.034118037135278514,0.00021220159151193635,63.50089525445232,4032.3636981169248,66.7810127989816,7.2443786,0.4469898670286405,1.0,24.06294875649193
C:/Users/hugoagreda22/Downloads/ImageScoreAI/backend/data/images/kaggle_raw/img_43.webp,0.6457,candidate,0.27342175066312996,0.058660477453580905,0.0002586206896551724,93.13192780197924,8673.555976113073,96.46192305507644,5.3990498,0.587186312457313,1.0,76.99044621605411
C:/Users/hugoagreda22/Downloads/ImageScoreAI/backend/data/images/kaggle_raw/img_44.webp,0.6569,candidate,0.15449160035366932,0.03746905393457117,9.283819628647215e-05,75.3378461157753,5675.791057364241,76.22682398483926,7.6504693,0.5249720702104128,1.0,85.71400684148445
C:/Users/hugoagreda22/Downloads/ImageScoreAI/backend/data/images/kaggle_raw/img_45.webp,0.5487,candidate,0.3694761273209549,0.04769009725906278,0.0003868258178603006,48.524101309551185,2354.5884078995873,50.54201206716319,7.522876,0.5948216137997627,1.0,33.345860915436745
C:/Users/hugoagreda22/Downloads/ImageScoreAI/backend/data/images/kaggle_raw/img_46.webp,0.5138,candidate,0.7254487179487179,0.04384836427939876,0.00040450928381962866,48.806388549999404,2382.063563293513,34.98354697267998,7.638058,0.5010470792074871,1.0,33.37576466522255
C:/Users/hugoagreda22/Downloads/ImageScoreAI/backend/data/images/kaggle_raw/img_47.webp,0.6069,candidate,0.31414898320070733,0.05245579133510168,0.00023430592396109638,55.25374400078211,3052.9762261039655,60.49004409245068,7.768494,0.41921677468286805,1.0,29.403350996823335
C:/Users/hugoagreda22/Downloads/ImageScoreAI/backend/data/images/kaggle_raw/img_48.webp,0.5404,candidate,0.1883576480990274,0.02418213969938108,0.00014146772767462422,44.47704275831286,1978.207332524791,53.31036012884127,7.5472107,0.593205347431771,1.0,53.66012601679557
C:/Users/hugoagreda22/Downloads/ImageScoreAI/backend/data/images/kaggle_raw/img_49.webp,0.6858,candidate,0.44337754199823165,0.11525419982316534,0.0010985853227232537,67.28664338253569,4527.492377688534,54.522358938944286,7.24759,0.515115279449773,1.0,31.695291975008764
C:/Users/hugoagreda22/Downloads/ImageScoreAI/backend/data/images/kaggle_raw/img_5.webp,0.5778,candidate,0.07877984084880636,0.03717948717948718,0.0002409372236958444,33.74118515410526,1138.4675756036133,47.42292683923444,7.122094,0.40857914836532133,1.0,34.31870068646401
C:/Users/hugoagreda22/Downloads/ImageScoreAI/backend/data/images/kaggle_raw/img_50.webp,0.6139,candidate,0.269000884173298,0.20808355437665782,0.001293103448275862,54.73854327131304,2996.30811946541,54.83322213959505,7.733491,0.542277438670877,1.0,72.76064565819861
C:/Users/hugoagreda22/Downloads/ImageScoreAI/backend/data/images/kaggle_raw/img_51.webp,0.6402,candidate,0.10041114058355438,0.06831343943412908,0.0003116710875331565,54.33150554947834,2951.9124952729953,49.14762962937911,7.8041544,0.5046051102552114,1.0,59.725566698717266
C:/Users/hugoagreda22/Downloads/ImageScoreAI/backend/data/images/kaggle_raw/img_52.webp,0.6692,candidate,0.19489610963748893,0.05495579133510168,0.0004442970822281167,61.46039377912869,3777.3800034855603,58.46324617475503,7.83089,0.3931991573937462,1.0,30.919933668507422
C:/Users/hugoagreda22/Downloads/ImageScoreAI/backend/data/images/kaggle_raw/img_53.webp,0.4653,candidate,0.3176790450928382,0.019997789566755082,0.0001326259946949602,37.17215257275364,1381.7689268920751,33.68631951861233,7.100188,0.427328436410656,1.0,24.43344245941435
C:/Users/hugoagreda22/Downloads/ImageScoreAI/backend/data/images/kaggle_raw/img_54.webp,0.6512,candidate,0.6608311229000884,0.0678315649867374,0.00040229885057471265,72.94081401768523,5320.362349562546,87.51368408681847,7.385115,0.5173189361202475,1.0,54.662618334897644
C:/Users/hugoagreda22/Downloads/ImageScoreAI/backend/data/images/kaggle_raw/img_55.webp,0.5533,candidate,0.06089301503094607,0.05443854995579134,0.0003978779840848806,32.82492605234924,1077.4757703421958,34.171920898515744,7.202794,0.5333899335534612,1.0,52.54169773619266
C:/Users/hugoagreda22/Downloads/ImageScoreAI/backend/data/images/kaggle_raw/img_56.webp,0.5813,candidate,0.04715738284703802,0.03402740937223696,0.00017683465959328028,41.50420240429769,1722.5988172169102,43.476408951053195,7.4583597,0.5270880875192591,1.0,48.35494386519587
C:/Users/hugoagreda22/Downloads/ImageScoreAI/backend/data/images/kaggle_raw/img_57.webp,0.7396,candidate,0.05048187444739169,0.0854553492484527,0.000667550839964633,58.59699009257162,3433.6072479089366,61.35082575212971,7.6238956,0.5375296046800156,1.0,39.896039829307966
C:/Users/hugoagreda22/Downloads/ImageScoreAI/backend/data/images/kaggle_raw/img_58.webp,0.6463,candidate,0.5665428824049513,0.15108753315649867,0.0012135278514588859,59.97494389252224,3596.9938949111906,65.80560791266305,7.730644,0.3312437280326711,1.0,50.91932105392602
C:/Users/hugoagreda22/Downloads/ImageScoreAI/backend/data/images/kaggle_raw/img_59.webp,0.5658,candidate,0.2738085764809903,0.06246242263483643,0.0003846153846153846,45.45835912329374,2066.462414182343,51.36462129709053,7.4873095,0.48899590017841843,1.0,44.71723251935026
C:/Users/hugoagreda22/Downloads/ImageScoreAI/backend/data/images/kaggle_raw/img_6.webp,0.7264,candidate,0.056324049513704684,0.05284924845269673,0.0002586206896551724,66.17409366571506,4379.01067247883,61.136007098266724,7.4110208,0.29385531193256903,1.0,39.16228566099744
C:/Users/hugoagreda22/Downloads/ImageScoreAI/backend/data/images/kaggle_raw/img_60.webp,0.61,candidate,0.35365163572060127,0.09484084880636605,0.0008443854995579134,53.18811120694486,2828.9751737623333,57.858961970339585,7.6722164,0.5249311006792137,1.0,53.15599723549409
C:/Users/hugoagreda22/Downloads/ImageScoreAI/backend/data/images/kaggle_raw/img_61.webp,0.5895,candidate,0.46170645446507513,0.09542882404951371,0.0005791335101679929,55.6127825783946,3092.78158611179,60.88806181716643,7.600869,0.5802285024132435,1.0,83.62941942126231
C:/Users/hugoagreda22/Downloads/ImageScoreAI/backend/data/images/kaggle_raw/img_62.webp,0.6454,candidate,0.35811229000884176,0.10612732095490716,0.0005614500442086648,60.48148235723744,3658.009708128824,58.902380630690985,7.646315,0.5656974660843735,1.0,51.2890646446258
C:/Users/hugoagreda22/Downloads/ImageScoreAI/backend/data/images/kaggle_raw/img_63.webp,0.5603,candidate,0.3227210433244916,0.05380415561450044,0.0003315649867374005,62.10906726050649,3857.5362359701194,36.932044671068134,7.4261446,0.5995266827845877,1.0,47.501983239951365
C:/Users/hugoagreda22/Downloads/ImageScoreAI/backend/data/images/kaggle_raw/img_64.webp,0.63,candidate,0.12298629531388153,0.035179045092838195,0.0002475685234305924,53.23965804799064,2834.4611890669744,54.974626475193766,7.3839273,0.5056315653193297,1.0,35.96409948940447
C:/Users/hugoagreda22/Downloads/ImageScoreAI/backend/data/images/kaggle_raw/img_65.webp,0.5195,candidate,0.5005747126436781,0.025086206896551725,0.0001237842617152962,49.093874530278526,2410.2085163947304,44.76590776856251,7.4964037,0.47948997469003385,1.0,27.191542559511674
C:/Users/hugoagreda22/Downloads/ImageScoreAI/backend/data/images/kaggle_raw/img_66.webp,0.6516,candidate,0.6783620689655172,0.10848585322723253,0.00047966401414677276,53.779139082818205,2892.1958004891044,54.25401959850992,7.658451,0.494313687548041,1.0,20.59685980798368
C:/Users/hugoagreda22/Downloads/ImageScoreAI/backend/data/images/kaggle_raw/img_67.webp,0.6971,candidate,0.004445181255526083,0.06100132625994695,0.0003205128205128205,49.86924551567878,2486.941648303048,57.0880934909939,7.5212393,0.34575587423333887,1.0,35.97673182467102
C:/Users/hugoagreda22/Downloads/ImageScoreAI/backend/data/images/kaggle_raw/img_68.webp,0.681,candidate,0.0012046861184792218,0.0521131741821397,0.00027188328912466843,57.73871872557521,3333.7596400710895,37.12828727025611,5.5285,0.4224561001336742,1.0,23.707554988309997
C:/Users/hugoagreda22/Downloads/ImageScoreAI/backend/data/images/kaggle_raw/img_69.webp,0.6578,candidate,0.35637931034482756,0.2015185676392573,0.0014920424403183023,62.91138432515471,3957.8422777073215,63.79034922137104,7.8278255,0.46194499115126375,1.0,50.001128252816734
C:/Users/hugoagreda22/Downloads/ImageScoreAI/backend/data/images/kaggle_raw/img_7.webp,0.7493,candidate,0.18019451812555262,0.1123762157382847,0.0007493368700265252,67.52392859971903,4559.480933539953,78.83474277113137,7.65318,0.42283475669744086,1.0,34.45546590064014
C:/Users/hugoagreda22/Downloads/ImageScoreAI/backend/data/images/kaggle_raw/img_70.webp,0.5757,candidate,0.393841732979664,0.10534703801945182,0.0004487179487179487,51.42422369100678,2644.450782222703,49.01615879415224,7.6002235,0.5991361651086118,1.0,66.82263138170592
C:/Users/hugoagreda22/Downloads/ImageScoreAI/backend/data/images/kaggle_raw/img_71.webp,0.6486,candidate,0.5838704686118479,0.15309681697612731,0.0011604774535809018,63.27256993322274,4003.418105954562,67.49622745130205,6.854807,0.47366392781777,1.0,58.40422836332736
C:/Users/hugoagreda22/Downloads/ImageScoreAI/backend/data/images/kaggle_raw/img_72.webp,0.5257,candidate,0.5083863837312114,0.07429266136162688,0.0005172413793103448,44.849150895091576,2011.4463360106938,42.88131174776799,7.3208284,0.5272428878681471,1.0,55.99385144852629
C:/Users/hugoagreda22/Downloads/ImageScoreAI/backend/data/images/kaggle_raw/img_73.webp,0.6808,candidate,0.45137709991158265,0.16927497789566756,0.0008510167992926614,62.47011631662159,3902.515432612231,62.3212993219542,7.866366,0.5580772788012973,1.0,30.359603759566955
C:/Users/hugoagreda22/Downloads/ImageScoreAI/backend/data/images/kaggle_raw/img_74.webp,0.7201,candidate,0.016578249336870028,0.036887709991158264,0.00023872679045092838,70.05635430498224,4907.892778505203,72.00801816969668,7.4749274,0.5299970821790447,1.0,52.05173059240655
C:/Users/hugoagreda22/Downloads/ImageScoreAI/backend/data/images/kaggle_raw/img_75.webp,0.6477,candidate,0.01156498673740053,0.02933465959328028,0.00026304155614500444,51.38332944642672,2640.2465450000236,52.60559559350394,7.464192,0.42216028188751503,1.0,39.67073317249922
C:/Users/hugoagreda22/Downloads/ImageScoreAI/backend/data/images/kaggle_raw/img_76.webp,0.6469,candidate,0.028625110521662247,0.03700044208664898,0.0001856763925729443,54.90272767428641,3014.3095060768546,64.14592386019082,7.631166,0.48863295787201144,1.0,63.86503974816924
C:/Users/hugoagreda22/Downloads/ImageScoreAI/backend/data/images/kaggle_raw/img_77.webp,0.6091,candidate,0.3998452696728559,0.0807316534040672,0.00023651635720601237,58.26779741111767,3395.136215143051,61.666951562894845,7.5764,0.4881179878470342,1.0,57.40098890310692
C:/Users/hugoagreda22/Downloads/ImageScoreAI/backend/data/images/kaggle_raw/img_78.webp,0.4879,candidate,0.5464190981432361,0.04787135278514589,0.00043987621573828473,41.56432651344065,1727.593238515905,38.38990286073208,7.5022755,0.5364138372290629,1.0,45.934337699511225
C:/Users/hugoagreda22/Downloads/ImageScoreAI/backend/data/images/kaggle_raw/img_79.webp,0.7013,candidate,0.2800287356321839,0.16897214854111406,0.001312997347480106,66.51208184765666,4423.857031709379,61.10027693338479,7.9381366,0.5310830183411271,1.0,41.13916584465902
C:/Users/hugoagreda22/Downloads/ImageScoreAI/backend/data/images/kaggle_raw/img_8.webp,0.6069,candidate,0.4317462422634836,0.12134836427939877,0.0010101679929266135,48.877578775127894,2389.0177069188326,48.55412679952566,7.5065646,0.5304325637374301,1.0,34.69536712273352
C:/Users/hugoagreda22/Downloads/ImageScoreAI/backend/data/images/kaggle_raw/img_80.webp,0.4656,candidate,0.4324756852343059,0.016408045977011496,0.00010389036251105217,37.2856849040331,1390.2222987628415,36.9040789701835,7.034313,0.47277888483418395,1.0,21.618100420901218
C:/Users/hugoagreda22/Downloads/ImageScoreAI/backend/data/images/kaggle_raw/img_81.webp,0.7159,candidate,0.020775862068965516,0.037199381078691425,0.0002519893899204244,73.2819350585023,5370.242005918548,65.01692156928324,7.746202,0.5224112793707107,1.0,64.56561430600937
C:/Users/hugoagreda22/Downloads/ImageScoreAI/backend/data/images/kaggle_raw/img_82.webp,0.6292,candidate,0.08739610963748895,0.039849690539345714,0.0003072502210433245,63.7879033919321,4068.8966191384625,45.67414874140349,7.4868593,0.5039012773071533,1.0,65.58847415235563
C:/Users/hugoagreda22/Downloads/ImageScoreAI/backend/data/images/kaggle_raw/img_83.webp,0.648,candidate,0.3839920424403183,0.12489610963748894,0.000576923076923077,59.27129159499353,3513.0860073387507,50.938517465644004,7.666017,0.28464387324911505,1.0,33.082338925819684
C:/Users/hugoagreda22/Downloads/ImageScoreAI/backend/data/images/kaggle_raw/img_84.webp,0.575,candidate,0.39791777188328914,0.050800176834659594,0.0003337754199823165,58.154748766225445,3381.9748040628,46.54873021288197,7.814964,0.45109445083050226,1.0,34.16205838315354
C:/Users/hugoagreda22/Downloads/ImageScoreAI/backend/data/images/kaggle_raw/img_85.webp,0.6137,candidate,0.26901193633952253,0.05055923961096375,0.00027188328912466843,66.355299513999,4403.025773592515,62.31514146181429,7.312479,0.5375441757708064,1.0,66.3951917584385
C:/Users/hugoagreda22/Downloads/ImageScoreAI/backend/data/images/kaggle_raw/img_86.webp,0.7108,candidate,0.22930813439434128,0.08816755083996464,0.000576923076923077,68.41805123333593,4681.02973456738,63.93891630892441,7.818074,0.42447657313764975,1.0,42.44696447783161
C:/Users/hugoagreda22/Downloads/ImageScoreAI/backend/data/images/kaggle_raw/img_87.webp,0.633,candidate,0.001231211317418214,0.032800618921308575,0.00022988505747126436,41.92613924522673,1757.801152010141,48.146398156462716,7.344946,0.4530221484560116,1.0,27.482446014393805
C:/Users/hugoagreda22/Downloads/ImageScoreAI/backend/data/images/kaggle_raw/img_88.webp,0.6522,candidate,0.3937400530503979,0.07079575596816975,0.0004951370468611848,70.23782150587613,4933.351569891314,52.24171828205526,7.675047,0.4600268722113034,1.0,35.855971448569
C:/Users/hugoagreda22/Downloads/ImageScoreAI/backend/data/images/kaggle_raw/img_89.webp,0.6379,candidate,0.21348806366047746,0.03030946065428824,0.00016357206012378427,56.74711106044763,3220.2346137067775,60.50931774234126,7.382214,0.5864801913760057,1.0,16.321627826880416
C:/Users/hugoagreda22/Downloads/ImageScoreAI/backend/data/images/kaggle_raw/img_9.webp,0.576,candidate,0.14391688770999117,0.055373563218390806,0.0002541998231653404,45.18549540554967,2041.7289950449504,36.78432273703436,7.148346,0.48110178551428306,1.0,43.2277169293367
C:/Users/hugoagreda22/Downloads/ImageScoreAI/backend/data/images/kaggle_raw/img_90.webp,0.637,candidate,0.3260145888594164,0.14040893015030947,0.0007117595048629532,55.10174312029958,3036.2020948954823,56.1066202587463,7.8617887,0.6459963466580364,1.0,40.857006426800346
C:/Users/hugoagreda22/Downloads/ImageScoreAI/backend/data/images/kaggle_raw/img_91.webp,0.4791,candidate,0.4065583554376658,0.050800176834659594,0.00028956675508399647,35.357707061127385,1250.1674486204972,33.59338696770169,7.3207383,0.598004687574145,1.0,34.329593035400016
C:/Users/hugoagreda22/Downloads/ImageScoreAI/backend/data/images/kaggle_raw/img_92.webp,0.7096,candidate,0.28822502210433243,0.1493501326259947,0.0008200707338638373,76.71992227054986,5885.946473199211,57.87878107214786,7.180409,0.5884679400911738,1.0,60.486483339821625
C:/Users/hugoagreda22/Downloads/ImageScoreAI/backend/data/images/kaggle_raw/img_93.webp,0.5754,candidate,0.7938594164456233,0.0811604774535809,0.000674182139699381,54.58315939901563,2979.321289978348,45.74478549926494,6.644956,0.5720517008590991,1.0,52.04266040195517
C:/Users/hugoagreda22/Downloads/ImageScoreAI/backend/data/images/kaggle_raw/img_94.webp,0.7,candidate,0.15062776304155615,0.044334659593280284,0.00028514588859416444,67.46889721083299,4552.052090845948,75.78537508118129,7.5592794,0.47193154188108477,1.0,28.838413074446667
C:/Users/hugoagreda22/Downloads/ImageScoreAI/backend/data/images/kaggle_raw/img_95.webp,0.6685,candidate,0.5201945181255526,0.13584880636604774,0.0009217506631299735,68.69911325979571,4719.568162682239,67.53056657487416,7.6624947,0.575386506684821,1.0,58.545573650391766
C:/Users/hugoagreda22/Downloads/ImageScoreAI/backend/data/images/kaggle_raw/img_96.webp,0.5785,candidate,0.636551724137931,0.08843722369584439,0.0007051282051282052,55.180752494194074,3044.9154458255057,44.57823986687022,7.02471,0.5528683947872859,1.0,56.220303858916296
C:/Users/hugoagreda22/Downloads/ImageScoreAI/backend/data/images/kaggle_raw/img_97.webp,0.6049,candidate,0.21757736516357207,0.09092396109637489,0.0003580901856763926,46.31812195269459,2145.3684212246885,42.083845591342595,7.416518,0.4877048130314131,1.0,44.201434436387274
C:/Users/hugoagreda22/Downloads/ImageScoreAI/backend/data/images/kaggle_raw/img_98.webp,0.5608,candidate,0.9078801945181255,0.11381741821396994,0.0008930150309460654,51.92473342178057,2696.177940922976,27.998797557936182,7.0959506,0.625201684774486,1.0,46.45134722338427
C:/Users/hugoagreda22/Downloads/ImageScoreAI/backend/data/images/kaggle_raw/img_99.webp,0.648,candidate,0.3839920424403183,0.12489610963748894,0.000576923076923077,59.27129159499353,3513.0860073387507,50.938517465644004,7.666017,0.28464387324911505,1.0,33.082338925819684
